SGS GEOSOL LABORATÆRIOS LTDA.;;;;;Final Report;;;;;;;;;;;;;;;;;;;;;;;;;;;;;;;;;;;;;;;;;;;;;;;;;;;;;;;;;;;;;;;;;;;;;;;;;;;;;;;;;;;;;;;;;;;;;;;;;;;;
Client:;CPRM - ServiÓo Geolµgico do Brasil;;;;;;;;;;;;;;;;;;;;;;;;;;;;;;;;;;;;;;;;;;;;;;;;;;;;;;;;;;;;;;;;;;;;;;;;;;;;;;;;;;;;;;;;;;;;;;;;;;;;;;;;
File Created:;20/5/2010 10:12:04;;;;;;;;;;;;;;;;;;;;;;;;;;;;;;;;;;;;;;;;;;;;;;;;;;;;;;;;;;;;;;;;;;;;;;;;;;;;;;;;;;;;;;;;;;;;;;;;;;;;;;;;
Job Number:;GQ1003271;;;;;;;;;;;;;;;;;;;;;;;;;;;;;;;;;;;;;;;;;;;;;;;;;;;;;;;;;;;;;;;;;;;;;;;;;;;;;;;;;;;;;;;;;;;;;;;;;;;;;;;;
Number of Samples:;70;;;;;;;;;;;;;;;;;;;;;;;;;;;;;;;;;;;;;;;;;;;;;;;;;;;;;;;;;;;;;;;;;;;;;;;;;;;;;;;;;;;;;;;;;;;;;;;;;;;;;;;;
Project:;Bambui Oeste;;;;;;;;;;;;;;;;;;;;;;;;;;;;;;;;;;;;;;;;;;;;;;;;;;;;;;;;;;;;;;;;;;;;;;;;;;;;;;;;;;;;;;;;;;;;;;;;;;;;;;;;
Shipment ID:;Lote 3746-Go;;;;;;;;;;;;;;;;;;;;;;;;;;;;;;;;;;;;;;;;;;;;;;;;;;;;;;;;;;;;;;;;;;;;;;;;;;;;;;;;;;;;;;;;;;;;;;;;;;;;;;;;
P.O. Number:;;;;;;;;;;;;;;;;;;;;;;;;;;;;;;;;;;;;;;;;;;;;;;;;;;;;;;;;;;;;;;;;;;;;;;;;;;;;;;;;;;;;;;;;;;;;;;;;;;;;;;;;;
Received:;19/5/2010 10:12:04;;;;;;;;;;;;;;;;;;;;;;;;;;;;;;;;;;;;;;;;;;;;;;;;;;;;;;;;;;;;;;;;;;;;;;;;;;;;;;;;;;;;;;;;;;;;;;;;;;;;;;;;
;;;;;;;;;;;;;;;;;;;;;;;;;;;;;;;;;;;;;;;;;;;;;;;;;;;;;;;;;;;;;;;;;;;;;;;;;;;;;;;;;;;;;;;;;;;;;;;;;;;;;;;;;
;Method;SCR33;SCR33;SCR33;SCR33;ICM14B;ICM14B;ICM14B;ICM14B;ICM14B;ICM14B;ICM14B;ICM14B;ICM14B;ICM14B;ICM14B;ICM14B;ICM14B;ICM14B;ICM14B;ICM14B;ICM14B;ICM14B;ICM14B;ICM14B;ICM14B;ICM14B;ICM14B;ICM14B;ICM14B;ICM14B;ICM14B;ICM14B;ICM14B;ICM14B;ICM14B;ICM14B;ICM14B;ICM14B;ICM14B;ICM14B;ICM14B;ICM14B;ICM14B;ICM14B;ICM14B;ICM14B;ICM14B;ICM14B;ICM14B;ICM14B;ICM14B;ICM14B;ICM14B;ICM14B;ICM40B;ICM40B;ICM40B;ICM40B;ICM40B;ICM40B;ICM40B;ICM40B;ICM40B;ICM40B;ICM40B;ICM40B;ICM40B;ICM40B;ICM40B;ICM40B;ICM40B;ICM40B;ICM40B;ICM40B;ICM40B;ICM40B;ICM40B;ICM40B;ICM40B;ICM40B;ICM40B;ICM40B;ICM40B;ICM40B;ICM40B;ICM40B;ICM40B;ICM40B;ICM40B;ICM40B;ICM40B;ICM40B;ICM40B;ICM40B;ICM40B;ICM40B;ICM40B;ICM40B;ICM40B;ICM40B;ICM40B;ICM40B;ICM40B;ICM40B
;Analyte;Peso;Soma Peso;230#;<230#;Ag;Al;As;Au;B;Ba;Be;Bi;Ca;Cd;Ce;Co;Cr;Cs;Cu;Fe;Ga;Ge;Hf;Hg;In;K;La;Li;Mg;Mn;Mo;Na;Nb;Ni;P;Pb;Rb;Re;S;Sb;Sc;Se;Sn;Sr;Ta;Te;Th;Ti;U;V;W;Y;Zn;Zr;Ag;Al;As;Ba;Be;Bi;Ca;Cd;Ce;Co;Cr;Cs;Cu;Fe;Ga;Hf;In;K;La;Li;Lu;Mg;Mn;Mo;Na;Nb;Ni;P;Pb;Rb;Re;S;Sb;Sc;Se;Sn;Sr;Ta;Tb;Te;Th;Ti;Tl;U;V;W;Y;Yb;Zn;Zr
;Unit;g;g;%;%;ppm;%;ppm;ppm;ppm;ppm;ppm;ppm;%;ppm;ppm;ppm;ppm;ppm;ppm;%;ppm;ppm;ppm;ppm;ppm;%;ppm;ppm;%;ppm;ppm;%;ppm;ppm;ppm;ppm;ppm;ppm;%;ppm;ppm;ppm;ppm;ppm;ppm;ppm;ppm;%;ppm;ppm;ppm;ppm;ppm;ppm;ppm;%;ppm;ppm;ppm;ppm;%;ppm;ppm;ppm;ppm;ppm;ppm;%;ppm;ppm;ppm;%;ppm;ppm;ppm;%;%;ppm;%;ppm;ppm;ppm;ppm;ppm;ppm;%;ppm;ppm;ppm;ppm;ppm;ppm;ppm;ppm;ppm;%;ppm;ppm;ppm;ppm;ppm;ppm;ppm;ppm
;MDL;0;0;0,01;0,01;0,01;0,01;1;0,1;10;5;0,1;0,02;0,01;0,01;0,05;0,1;1;0,05;0,5;0,01;0,1;0,1;0,05;0,01;0,02;0,01;0,1;1;0,01;5;0,05;0,01;0,05;0,5;50;0,2;0,2;0,1;0,01;0,05;0,1;1;0,3;0,5;0,05;0,05;0,1;0,01;0,05;1;0,1;0,05;1;0,5;0,02;0,01;1;5;0,1;0,04;0,01;0,02;0,05;0,1;1;5;0,5;0,01;0,1;0,02;0,02;0,01;0,1;1;0,01;0,01;0,01;0,05;0,01;0,1;0,5;50;0,5;0,2;0,1;0,01;0,05;0,5;2;0,3;0,5;0,05;0,05;0,05;0,2;0,01;0,02;0,1;1;0,1;0,1;0,1;1;0,5
Sample;Type;;;;;;;;;;;;;;;;;;;;;;;;;;;;;;;;;;;;;;;;;;;;;;;;;;;;;;;;;;;;;;;;;;;;;;;;;;;;;;;;;;;;;;;;;;;;;;;;;;;;;;;;
BRANCO_PREP;SEDIMENTO CORRENTE;N.A.;N.A.;N.A.;N.A.;<0.01;<0.01;1;<0.1;<10;<5;<0.1;<0.02;<0.01;<0.01;<0.05;<0.1;<1;<0.05;0,8;0,01;<0.1;<0.1;<0.05;0,04;<0.02;<0.01;<0.1;<1;<0.01;<5;<0.05;<0.01;<0.05;0,6;<50;1,6;0,7;<0.1;<0.01;<0.05;<0.1;<1;0,4;<0.5;<0.05;<0.05;<0.1;<0.01;<0.05;<1;<0.1;<0.05;<1;<0.5;<0.02;0,02;<1;6;<0.1;<0.04;0,02;0,03;<0.05;<0.1;<1;<5;2,8;0,02;<0.1;<0.02;<0.02;<0.01;<0.1;4;<0.01;<0.01;<0.01;<0.05;<0.01;<0.1;2,1;<50;1,9;<0.2;<0.1;<0.01;<0.05;<0.5;<2;<0.3;<0.5;<0.05;<0.05;<0.05;<0.2;<0.01;<0.02;<0.1;<1;<0.1;<0.1;<0.1;5;<0.5
AC-S-5130 GIG936;SEDIMENTO CORRENTE;540;540;93,89;6,11;0,03;0,76;5;<0.1;<10;66;0,8;0,27;0,19;0,02;66,31;4;25;0,59;22,8;2,99;5,7;<0.1;0,05;<0.01;<0.02;0,08;31,6;5;0,05;185;0,28;<0.01;0,15;8,4;373;18,7;11,6;<0.1;0,02;0,41;4,2;<1;0,9;11,2;<0.05;<0.05;5,8;<0.01;1,04;38;0,3;7,67;25;1,1;0,16;7,29;6;361;2,5;0,06;0,2;0,03;56,22;5,8;73;7;33,6;3,92;20,1;5,14;0,07;1,85;27,2;38;0,37;0,47;0,02;0,41;0,13;15,8;22,9;361;21,5;135;<0.1;0,01;1;17,6;<2;3,3;19,2;3,4;0,67;<0.05;14,6;0,48;0,56;3,5;115;1,5;19,1;2,5;43;142
AC-S-5140 GIG937;SEDIMENTO CORRENTE;640;636;97,8;2,2;0,06;0,69;12;<0.1;<10;194;1,5;0,45;0,13;0,04;149,05;38,2;37;0,49;54,3;5,7;8,4;<0.1;0,24;<0.01;<0.02;0,07;49;4;0,12;1457;0,6;<0.01;0,39;46,3;210;44;7;<0.1;<0.01;0,87;3,1;<1;0,8;10,4;<0.05;<0.05;10,5;<0.01;0,95;38;0,2;13,01;82;11,4;0,19;7,63;12;589;4,3;0,26;0,14;0,09;113,9;35,6;96;9;54,3;6,98;25,9;5,31;0,06;2,56;35,8;28;0,47;0,74;0,15;0,37;0,13;18,1;52,6;244;43,1;149;<0.1;<0.01;1,74;18,4;<2;3,8;16,6;2,26;0,92;<0.05;14,5;0,37;0,74;3,4;137;0,8;23,2;3;100;148
AC-S-5150 GIG938;SEDIMENTO CORRENTE;604;603;96,85;3,15;0,04;0,77;10;<0.1;<10;91;0,4;0,3;0,1;<0.01;87,36;21,1;30;0,43;27,8;4,88;4,8;<0.1;0,1;<0.01;<0.02;0,07;37,4;5;0,08;875;0,36;<0.01;0,1;20,6;311;30,5;7,8;<0.1;<0.01;0,45;3,1;<1;0,7;8,6;<0.05;<0.05;7,5;<0.01;0,78;47;0,3;7,47;48;3,6;0,93;6,37;11;309;2,7;0,05;0,11;0,02;73,82;23,2;78;6;36,6;6,01;17,5;4,47;0,05;1,75;31,1;29;0,34;0,5;0,09;0,33;0,11;8,1;33,2;383;33;114;<0.1;<0.01;1,28;14,1;<2;2,5;14,2;1,21;0,64;<0.05;11,6;0,32;0,45;2,6;120;0,6;17,2;2,2;71;140
AC-S-5160 GIG939;SEDIMENTO CORRENTE;697;696;98,56;1,44;0,06;1,18;10;<0.1;<10;64;0,7;0,39;0,55;0,08;96,77;34,2;35;0,5;31,6;4,64;6,3;<0.1;0,11;0,02;<0.02;0,13;45,6;10;0,34;1048;0,52;<0.01;0,35;34,9;441;36,5;10,3;<0.1;<0.01;0,51;3,1;<1;0,7;29,9;<0.05;<0.05;8,9;<0.01;0,55;34;0,7;8,5;73;3,8;0,38;7,78;10;355;2,7;<0.04;0,56;0,08;78,66;29,6;89;8;34,9;5,73;21,6;4,53;0,05;2,66;36,1;42;0,33;0,93;0,1;0,32;0,28;14,6;46,8;404;36,1;161;<0.1;<0.01;1,28;16,7;<2;3,3;37,5;1,34;0,69;<0.05;13,1;0,25;0,62;2,5;130;<0.1;17,5;2,4;95;136
AC-S-5170 GIG940;SEDIMENTO CORRENTE;500;499;95,99;4,01;0,07;1,04;7;<0.1;<10;67;0,6;0,33;4,96;0,04;69,61;30,8;37;0,5;22,2;3,93;6,3;<0.1;0,17;0,05;<0.02;0,12;33,4;10;0,19;684;0,28;<0.01;0,33;28,4;345;30,1;14,1;<0.1;0,02;0,44;3,7;1;0,8;93,5;<0.05;<0.05;6,6;<0.01;0,45;37;<0.1;9,45;40;3,7;0,28;6,99;6;354;2,3;<0.04;4,92;0,1;60,86;26,3;83;7;26,4;4,82;18,8;4,29;0,06;2,14;28,5;49;0,33;0,75;0,07;0,28;0,2;8,4;37,8;299;30,1;146;<0.1;0,02;0,84;15,1;<2;3,3;101;1,05;0,63;<0.05;11,3;0,24;0,58;1,9;113;0,9;17,6;2,2;70;119
AC-S-5180 GIG941;SEDIMENTO CORRENTE;644;643;98,44;1,56;0,06;1,01;9;<0.1;<10;55;0,4;0,42;0,94;0,02;62,19;33,6;35;0,46;31,4;4,19;6,6;<0.1;0,15;<0.01;0,02;0,12;31,3;10;0,24;765;0,48;<0.01;0,24;29,7;365;31;10,3;<0.1;<0.01;0,57;2,7;<1;0,5;26;<0.05;<0.05;8,3;<0.01;0,52;33;<0.1;6,83;55;4;0,13;8,97;9;472;3,1;0,2;0,95;0,04;62,36;27,5;98;8;33,6;5,37;21,9;5,42;0,07;3,25;31,5;43;0,38;0,96;0,08;0,5;0,26;12;47,3;369;26,8;192;<0.1;<0.01;1,33;19,9;<2;3,5;33,7;3,06;0,61;<0.05;14,4;0,34;0,74;2,7;141;1,4;17,6;2,3;82;147
AC-S-5190 GIG942;SEDIMENTO CORRENTE;673;672;98,36;1,64;0,08;0,93;9;<0.1;<10;60;0,6;0,27;3,25;0,05;68,54;26,4;33;0,51;23,9;3,6;5,1;<0.1;0,11;<0.01;<0.02;0,1;37,7;7;0,14;1141;0,47;<0.01;0,3;24,3;387;30,2;14,9;<0.1;0,02;0,53;3,3;<1;1;59,2;<0.05;<0.05;6,7;<0.01;0,45;32;<0.1;10,5;39;3;0,17;6,49;6;376;2,1;0,05;3,4;0,05;76,24;25,3;78;6;29,6;4,45;16,2;4,44;0,02;1,98;40,6;41;0,32;0,65;0,11;0,43;0,16;6,8;37,5;397;27,7;142;<0.1;0,01;1,02;13,7;<2;3,2;68;1,1;0,67;<0.05;13,2;0,22;0,52;2;104;0,8;17,4;2,5;71;115
AC-S-5200 GIG943;SEDIMENTO CORRENTE;536;535;91,96;8,04;0,04;0,62;6;<0.1;<10;67;0,3;0,2;0,16;<0.01;50,8;13,9;22;0,51;19;2,59;4;<0.1;<0.05;<0.01;<0.02;0,05;24,7;3;0,09;726;0,35;<0.01;0,12;17,3;186;16,8;9,4;<0.1;<0.01;0,44;2,7;<1;0,6;8,1;<0.05;<0.05;4,2;<0.01;0,59;24;<0.1;5,66;28;1,8;0,34;4,51;5;320;1,3;<0.04;0,19;0,05;50,2;12,7;52;<5;22,4;3,28;11,2;2,76;0,03;1,19;24,3;26;0,18;0,42;0,07;0,22;0,11;4,6;21,3;165;16,6;81,1;<0.1;<0.01;0,88;8,7;<2;1,9;13,1;0,53;0,35;<0.05;8,2;0,17;0,3;1,8;70;0,3;9,9;1,3;41;80
AC-S-5910 GIG944;SEDIMENTO CORRENTE;500;498;87,35;12,65;0,03;0,44;1;<0.1;<10;39;0,5;0,12;0,07;<0.01;46,5;6,4;9;0,42;8,7;1,19;2,5;<0.1;<0.05;<0.01;<0.02;0,05;23,5;3;0,04;167;0,21;<0.01;0,15;5,7;151;11,1;8,5;<0.1;<0.01;0,34;2,1;<1;0,8;4,8;<0.05;<0.05;3,4;<0.01;0,44;14;<0.1;2,94;11;0,9;0,34;2,89;2;122;0,8;<0.04;0,08;0,07;44,49;6;29;<5;12,7;1,6;7,2;2,02;<0.02;0,69;22,2;18;0,1;0,2;0,02;0,13;0,1;3,9;11,7;120;11,9;53,6;<0.1;<0.01;0,31;5,5;<2;1,4;8;0,2;0,28;<0.05;6,3;0,14;0,17;1,2;42;0,6;6,4;1;24;58,5
AC-S-5920 GIG945;SEDIMENTO CORRENTE;669;669;98,65;1,35;0,05;0,3;<1;<0.1;<10;38;0,4;0,09;0,07;<0.01;35,4;1,3;4;0,15;1,7;0,33;1,5;<0.1;<0.05;0,07;<0.02;0,03;18,9;2;0,02;83;0,07;<0.01;0,11;2,7;83;9,3;4,3;<0.1;<0.01;<0.05;1,4;<1;0,5;13,2;<0.05;<0.05;2,4;<0.01;0,58;5;0,5;6,83;6;<0.5;0,4;3,85;<1;249;0,6;<0.04;0,28;0,05;50,17;1,4;7;<5;4,7;0,69;8,6;5,51;<0.02;0,87;25,3;12;0,19;0,1;0,01;<0.05;1,06;2,6;3,6;94;12,3;30,8;<0.1;<0.01;0,06;2,5;<2;1,1;87,6;0,48;0,46;<0.05;5,3;0,09;0,07;1,8;9;<0.1;13;1,4;14;103
AC-S-5930 GIG946;SEDIMENTO CORRENTE;840;837;99,16;0,84;0,06;0,69;<1;<0.1;<10;75;0,7;0,23;0,26;<0.01;80,73;8,9;12;1,33;8,7;1,45;3,8;<0.1;0,05;0,04;<0.02;0,09;41,1;6;0,17;447;0,15;<0.01;0,36;9,6;252;14,9;14,1;<0.1;<0.01;<0.05;2,9;<1;1,1;13,6;<0.05;<0.05;8,8;0,02;1,34;18;<0.1;10,96;23;1,2;0,38;6,19;<1;402;1,2;0,19;0,62;0,09;118,59;8,1;27;<5;13,9;2,28;14,5;6,84;0,05;1,53;58,9;29;0,28;0,3;0,06;0,23;1,2;7,4;11,8;272;19,8;77,3;<0.1;<0.01;0,07;6,8;<2;2,6;126;1,08;1,13;<0.05;18,3;0,37;0,23;3,9;45;0,5;21,1;2,3;40;184
AC-S-5940 GIG947;SEDIMENTO CORRENTE;724;723;99,31;0,69;0,14;0,92;1;<0.1;<10;153;0,4;0,11;0,19;<0.01;78,49;13,9;27;0,38;12,2;2,2;3,5;<0.1;0,07;0,02;<0.02;0,08;39;3;0,13;594;0,22;<0.01;0,42;15,9;446;19;9,5;<0.1;0,01;0,06;4,4;<1;0,6;10,9;<0.05;<0.05;4,2;0,03;0,61;33;<0.1;16,22;15;1,3;0,25;7,22;2;746;1,4;<0.04;0,34;0,05;97,32;17,9;60;<5;23,8;3,67;16,7;4,96;0,04;2,68;50,9;21;0,43;0,63;0,06;0,26;0,43;8,9;31,9;522;24,9;135;<0.1;<0.01;0,39;11,4;<2;1,9;47,3;1,07;1,02;<0.05;9,2;0,47;0,45;1,9;82;0,5;28,1;3,1;44;155
AC-S-5613 GIG948;SEDIMENTO CORRENTE;650;650;95,38;4,62;0,05;0,77;5;<0.1;<10;64;0,5;0,25;0,17;0,03;66,94;3,6;25;0,49;22,4;3,21;4,9;<0.1;0,07;0,08;<0.02;0,08;32,5;5;0,05;210;0,29;<0.01;0,14;8;417;18,2;10,1;<0.1;0,01;0,47;3,6;<1;1,2;10,8;<0.05;<0.05;5,8;<0.01;0,94;37;<0.1;7,57;26;1,5;0,21;6,83;5;339;1,9;0,08;0,18;0,05;65,31;5,2;68;6;29,3;3,93;17,3;4,96;0,04;1,72;32,1;33;0,33;0,44;0,02;0,25;0,16;11,1;18,9;389;19,6;126;<0.1;<0.01;1,22;14,8;<2;3,2;17,8;1,05;0,68;<0.05;12,9;0,36;0,45;3,1;108;1;18,3;2,4;43;135
AC-S-5614 GIG949;SEDIMENTO CORRENTE;726;726;98,76;1,24;0,06;0,66;10;<0.1;<10;230;0,8;0,44;0,12;0,04;140,76;32,5;33;0,46;47,3;5,38;6,7;<0.1;0,21;<0.01;<0.02;0,07;42,1;4;0,11;1660;0,44;<0.01;0,05;36,7;183;44,4;6;<0.1;<0.01;0,92;2,3;<1;0,7;10,4;<0.05;<0.05;8,8;<0.01;0,83;35;<0.1;10,93;74;9,6;0,17;6,98;11;561;3,5;0,16;0,13;0,06;147,99;34,6;86;7;49,5;6,4;20,8;4,85;0,08;2,48;44,7;26;0,37;0,64;0,16;0,47;0,12;14;48,3;215;45,2;145;<0.1;<0.01;1,66;15,8;<2;3,6;16;0,78;0,85;<0.05;14,8;0,3;0,57;3;119;0,2;21,4;2,7;96;126
AC-S-5615 GIG950;SEDIMENTO CORRENTE;587;586;96,59;3,41;0,06;0,76;10;<0.1;<10;82;1,1;0,29;0,12;<0.01;90,79;23;28;0,39;42,1;4,83;5,5;<0.1;0,08;<0.01;<0.02;0,07;40,3;4;0,09;941;0,47;<0.01;0,24;23,2;302;31,9;9;<0.1;<0.01;0,66;3,2;<1;0,8;9,7;<0.05;<0.05;8,3;<0.01;0,86;46;0,1;8;46;3,5;0,17;6,13;10;292;2,5;0,1;0,13;0,06;93,86;23,8;71;6;34,9;5,67;17,1;5,14;0,03;1,7;41,9;29;0,32;0,5;0,09;0,36;0,14;9,8;34,6;306;32,2;119;<0.1;<0.01;1,34;14,9;<2;2,6;14,4;1,71;0,66;<0.05;14;0,33;0,45;2,8;114;0,8;17,9;2,3;69;139
AC-S-5616 GIG951;SEDIMENTO CORRENTE;680;677;97,64;2,36;0,05;1,22;10;<0.1;<10;60;1;0,39;0,69;0,05;93,06;39,9;34;0,46;37,1;4,67;7;<0.1;0,09;0,03;<0.02;0,13;44,9;10;0,34;1119;0,35;<0.01;0,18;40,4;434;34,6;11,2;<0.1;<0.01;0,62;3,6;<1;0,7;32,7;<0.05;<0.05;8,8;<0.01;0,6;34;<0.1;8,89;70;3,4;0,11;8,06;10;378;2,9;0,15;0,71;0,06;101,4;31,2;91;8;36,4;5,59;22;5,16;0,07;2,69;49;44;0,35;0,94;0,11;0,44;0,29;8;49,8;580;33,7;175;<0.1;0,01;1,34;19,2;<2;3,2;39,5;1,23;0,78;<0.05;15,3;0,25;0,61;2,7;132;0,8;19,2;2,5;104;142
AC-S-5617 GIG952;SEDIMENTO CORRENTE;595;594;97,14;2,86;0,07;1,08;10;<0.1;<10;65;0,6;0,31;4,94;0,06;66,85;38,1;42;0,39;21,1;4,64;5,8;<0.1;0,1;<0.01;<0.02;0,12;31,9;11;0,21;1072;0,32;<0.01;0,25;27,3;374;32,8;12,4;<0.1;0,02;0,53;3;<1;0,9;89,6;<0.05;<0.05;6,4;<0.01;0,44;41;0,2;9,1;45;4,1;0,13;7,24;8;382;2,1;0,09;5,25;0,06;84,54;31,8;92;6;26,2;5,49;17,3;4,53;0,07;2,18;41,7;50;0,28;0,79;0,11;0,24;0,21;9;38,5;426;31,8;145;<0.1;0,03;0,97;14,9;<2;3;106;0,87;0,66;<0.05;13;0,25;0,51;2;122;0,8;18,3;2,1;90;124
AC-S-5618 GIG953;SEDIMENTO CORRENTE;748;748;98,93;1,07;0,1;1,01;7;<0.1;<10;55;0,4;0,66;0,82;0,01;54,9;24;36;0,45;27,5;4,28;5,6;<0.1;0,14;0,02;<0.02;0,12;26,9;10;0,25;680;0,36;<0.01;0,13;23,8;364;28,4;9,5;<0.1;<0.01;0,63;2;1;0,9;25,2;<0.05;<0.05;7,3;<0.01;0,48;33;0,1;5,4;54;4,2;0,16;8,89;8;478;3,3;0,38;0,82;0,08;62,38;25,7;99;8;35,1;5,25;22,1;5,39;0,05;3,11;30,7;41;0,3;0,93;0,07;0,5;0,26;12;49,1;465;27,6;187;<0.1;0,01;1,44;18,9;<2;4,1;33,1;1,28;0,51;<0.05;13,6;0,36;0,69;2,6;141;1,2;17,1;2,1;87;151
AC-S-5619 GIG954;SEDIMENTO CORRENTE;585;585;98,29;1,71;0,07;0,96;9;<0.1;<10;61;0,4;0,31;3,31;0,05;58,79;25,4;32;0,34;23;3,63;4,7;<0.1;0,11;0,02;<0.02;0,11;32,1;7;0,14;1225;0,27;<0.01;0,25;21,8;401;27,1;13;<0.1;0,02;0,53;3;<1;0,8;61,7;<0.05;<0.05;5,7;<0.01;0,39;32;<0.1;9,49;40;2,7;0,04;6,43;7;365;2;<0.04;3,19;0,07;78,83;24,3;77;6;27,9;4,24;15,7;4,13;0,04;1,89;43,4;43;0,29;0,61;0,12;0,21;0,14;7,8;35,7;442;27,3;134;<0.1;0,02;0,94;13,4;<2;2,3;69,5;0,72;0,61;<0.05;13,9;0,24;0,45;2;104;0,6;18,3;2,1;69;118
AC-S-5620 GIG955;SEDIMENTO CORRENTE;608;607;95,06;4,94;0,03;0,73;7;<0.1;<10;72;0,4;0,23;0,17;0,02;55,28;13,5;26;0,53;17,9;3,07;4;<0.1;0,08;<0.01;<0.02;0,06;28,1;4;0,1;608;0,37;<0.01;0,16;15,1;216;17,8;9,1;<0.1;<0.01;0,47;2,2;<1;0,8;8,3;<0.05;<0.05;4,5;<0.01;0,61;28;<0.1;6,34;32;2,2;0,11;4,99;5;355;1,7;<0.04;0,18;0,04;63,28;15,2;61;<5;25,6;3,68;12,8;3,34;0,03;1,28;32,2;31;0,2;0,45;0,06;0,33;0,13;4,8;26;226;18,4;91,6;<0.1;0,01;1,09;10,7;<2;1,9;12,8;0,62;0,43;<0.05;10;0,17;0,34;2,1;82;0,3;11,7;1,5;53;91,5
AC-S-5681 GIG956;SEDIMENTO CORRENTE;526;524;90,46;9,54;0,02;0,46;1;<0.1;<10;42;0,3;0,09;0,08;<0.01;43,03;5,5;9;0,36;7,2;1,36;2;<0.1;<0.05;<0.01;<0.02;0,05;21,3;3;0,04;210;0,1;<0.01;0,24;4,5;148;11;6,5;<0.1;<0.01;0,17;1,4;<1;0,6;5,5;<0.05;<0.05;3,1;<0.01;0,39;16;<0.1;2,84;13;0,8;0,15;2,84;<1;125;1,2;<0.04;0,09;0,03;57,44;8,1;14;<5;16,2;1,74;7,6;2,6;<0.02;0,66;29,4;19;0,14;0,21;0,02;<0.05;0,08;7,1;14,5;115;17,8;51,8;<0.1;<0.01;0,46;6,3;<2;1,3;9,6;0,36;0,26;<0.05;8;0,24;0,17;1,4;43;0,4;7,8;1,1;25;62,6
AC-S-5682 GIG957;SEDIMENTO CORRENTE;687;686;99,42;0,58;0,04;0,3;<1;<0.1;<10;39;0,2;0,04;0,07;<0.01;30,71;1;4;0,13;2,1;0,35;1,1;<0.1;<0.05;<0.01;<0.02;0,04;15,8;2;0,02;87;0,12;<0.01;0,1;1,9;82;8,3;3,2;<0.1;<0.01;<0.05;0,6;<1;0,6;13,3;<0.05;<0.05;1,7;<0.01;0,5;5;<0.1;6,32;7;<0.5;0,02;3,84;<1;281;0,8;<0.04;0,28;<0.02;52,74;1,6;4;<5;6,1;0,72;8;5,89;<0.02;0,93;26,9;12;0,18;0,11;0,01;<0.05;1,09;2,9;4,7;112;16;27,1;<0.1;0,01;0,08;2,4;<2;0,7;91,2;<0.05;0,33;<0.05;5,3;0,1;0,04;1,8;10;<0.1;13,4;1,4;16;130
AC-S-5683 GIG958;SEDIMENTO CORRENTE;681;681;99,27;0,73;0,04;0,63;<1;<0.1;<10;58;0,6;0,19;0,22;0,02;75,23;7,8;13;1,36;7,4;1,59;3;<0.1;<0.05;<0.01;<0.02;0,11;37;6;0,18;496;0,12;<0.01;0,37;6,9;329;15,4;12,3;<0.1;<0.01;<0.05;2;<1;1,1;12,2;<0.05;<0.05;8,4;0,02;1,23;18;<0.1;9,49;26;0,8;0,06;5,6;<1;375;1,7;0,1;0,62;0,03;169,94;9;14;<5;15,9;2,32;13,9;9,36;<0.02;1,47;88,7;28;0,31;0,3;0,06;0,08;1,28;9,8;12,5;474;27,2;64,6;<0.1;0,02;0,14;6,6;<2;2,1;139;1,15;1,18;<0.05;26,4;0,42;0,19;4,5;45;0,3;23;2,2;44;247
AC-S-5684 GIG959;SEDIMENTO CORRENTE;781;780;99,62;0,38;0,06;0,82;<1;<0.1;<10;125;0,2;0,09;0,17;<0.01;69,22;11,2;27;0,4;10,2;1,92;2,9;<0.1;0,08;<0.01;<0.02;0,08;33,2;3;0,14;590;0,2;<0.01;0,32;14;364;17,9;8,8;<0.1;<0.01;0,11;2,6;<1;0,7;9,6;<0.05;<0.05;3,8;0,03;0,52;30;<0.1;12,05;15;1,3;0,06;7,1;3;814;1,9;<0.04;0,33;<0.02;108,08;17,5;33;<5;22,8;3,45;16,3;4,64;0,04;2,96;59,1;20;0,38;0,7;0,06;0,17;0,41;9,3;33,5;551;28;138;<0.1;0,01;0,42;10,8;<2;1,5;48;0,65;0,84;<0.05;9,8;0,45;0,45;1,7;77;0,6;26,8;2,8;45;133
LR-S-5350 GIG960;SEDIMENTO CORRENTE;526;525;96,19;3,81;0,05;1,13;5;<0.1;<10;106;0,5;0,23;2,15;0,04;79,48;22,5;26;0,82;17,1;3,65;4,6;<0.1;0,11;0,09;<0.02;0,09;39,6;13;0,28;1409;0,21;<0.01;0,21;22;400;19,3;13,4;<0.1;0,04;0,34;2,8;<1;0,9;62,6;<0.05;<0.05;4,6;<0.01;0,36;24;<0.1;11,04;51;2,4;0,16;6,3;6;346;2,3;<0.04;2,11;0,06;99,45;26,5;50;6;30;4,36;15,5;4,16;<0.02;1,67;53,2;53;0,32;0,7;0,13;0,15;0,2;15,6;37,8;532;25;124;<0.1;0,06;0,64;13,3;<2;3,1;76,7;0,88;0,85;<0.05;12,8;0,48;0,47;2,1;94;1,2;25;2,2;80;110
LR-S-5360 GIG961;SEDIMENTO CORRENTE;453;452;91,81;8,19;0,07;0,76;6;<0.1;<10;128;0,6;0,29;0,18;0,02;79,9;11,4;24;0,49;21,7;2,97;5,3;<0.1;0,07;<0.01;0,03;0,08;39,4;2;0,04;389;0,29;<0.01;0,15;15,5;349;22,7;10,7;<0.1;0,02;0,46;2,6;<1;0,9;12;<0.05;<0.05;4,3;<0.01;0,65;31;<0.1;11,53;35;1,2;0,13;6,2;7;349;2,4;0,05;0,19;0,06;87,16;14,7;41;5;35,9;3,6;16,1;4,91;0,04;1,59;45,6;18;0,35;0,4;0,04;0,24;0,02;15,6;31,3;342;28,5;116;<0.1;0,02;0,98;13,7;<2;2,4;18,3;0,91;0,76;<0.05;12,7;0,51;0,44;2,5;92;1,3;23,2;2,4;55;124
LR-S-5370 GIG962;SEDIMENTO CORRENTE;513;512;98,05;1,95;0,05;0,58;4;<0.1;<10;39;0,4;0,2;0,08;0,03;49,19;2,4;26;0,47;14,2;2,45;4;<0.1;0,06;<0.01;<0.02;0,06;22,4;2;0,03;174;0,45;<0.01;0,28;6;167;17,4;8,3;<0.1;0,01;0,36;2,6;<1;1,2;4,6;<0.05;<0.05;4,2;<0.01;0,69;38;<0.1;5,71;13;1,2;0,02;4,09;5;163;1,2;<0.04;0,09;<0.02;54,86;3,9;36;<5;25,5;2,41;11,2;4,47;0,02;0,98;26,4;13;0,24;0,26;0,01;0,26;0,02;9,1;13,5;127;23,7;69,6;<0.1;0,01;0,69;10,7;<2;1,8;9,7;0,06;0,41;<0.05;11,4;0,5;0,25;2,2;73;0,2;15,3;1,8;24;128
LR-S-5380 GIG963;SEDIMENTO CORRENTE;651;650;98;2;0,09;0,92;2;<0.1;<10;54;0,9;0,1;0,04;0,04;36,09;3,6;12;1,56;254;0,72;3,1;<0.1;<0.05;0,1;0,03;0,04;16,9;7;0,02;101;0,14;<0.01;0,08;15,2;268;12,3;8,2;<0.1;0,04;0,06;2,2;<1;0,8;3,6;<0.05;<0.05;2,1;<0.01;0,45;22;<0.1;3,51;11;<0.5;0,06;4,42;2;135;1,6;0,15;0,05;0,05;50,37;8,6;24;<5;246;1,26;11;4,92;<0.02;0,57;25,5;31;0,29;0,22;0,01;0,27;0,02;6,6;33,7;314;21,2;58,8;<0.1;0,04;0,52;11,2;<2;2,1;9,1;0,42;0,51;<0.05;13,4;0,47;0,32;2,1;59;0,7;13,7;1,8;35;124
LR-S-5390 GIG964;SEDIMENTO CORRENTE;567;566;99,12;0,88;0,04;0,86;2;<0.1;<10;73;0,8;0,13;0,38;0,03;44,88;5,1;14;0,62;20,7;1,17;3,4;<0.1;0,07;<0.01;<0.02;0,05;24,7;10;0,11;231;0,14;<0.01;0,11;11,4;162;16;8,2;<0.1;0,03;0,29;2;<1;0,8;12;<0.05;<0.05;2,8;<0.01;0,77;18;<0.1;6,56;22;0,8;<0.02;5,41;2;254;2,6;<0.04;0,39;<0.02;58,15;8,7;26;<5;31,1;1,84;13,7;4,24;<0.02;1,04;33,5;46;0,25;0,48;0,02;0,14;0,02;7,1;33,1;196;23,6;89;<0.1;0,03;0,61;11,7;<2;2,1;16,6;0,25;0,44;<0.05;11;0,33;0,38;2,4;68;<0.1;15,6;1,7;49;107
LR-S-5400 GIG965;SEDIMENTO CORRENTE;618;615;98,37;1,63;0,03;0,84;5;<0.1;<10;55;0,6;0,14;0,09;0,03;51,41;12,3;15;0,55;12,6;1,76;3,1;<0.1;<0.05;<0.01;<0.02;0,07;27,5;7;0,08;526;0,3;<0.01;0,08;11,1;244;18,2;10,3;<0.1;0,02;0,26;1,4;<1;0,6;7,6;<0.05;<0.05;4,4;<0.01;0,47;16;0,4;5,11;25;<0.5;0,03;5,01;5;245;1,8;<0.04;0,1;0,07;72,55;17,3;32;<5;27;2,32;13;5,02;0,04;1,43;40,7;30;0,26;0,46;0,05;0,28;0,02;12,4;27,7;260;26,5;105;<0.1;0,02;0,75;11,7;<2;3,9;13,6;0,32;0,51;<0.05;13,2;0,42;0,33;2,4;72;1;15,8;1,9;52;131
LR-S-5810 GIG966;SEDIMENTO CORRENTE;680;679;94,26;5,74;0,02;0,96;13;<0.1;<10;98;0,7;0,25;0,14;<0.01;105,41;14,8;30;0,75;26,7;6,58;6,3;<0.1;0,09;<0.01;<0.02;0,06;46,8;3;0,04;967;0,79;<0.01;0,16;15,4;372;30,9;11,8;<0.1;<0.01;0,8;3,5;<1;0,8;11,7;<0.05;<0.05;5,6;<0.01;1,42;64;<0.1;9,55;35;4,3;<0.02;5,53;15;264;2,1;<0.04;0,15;0,03;112,57;16,1;43;<5;30,8;7,25;14,7;3,46;0,04;1,17;52,6;23;0,28;0,34;0,08;1,22;0,03;8,2;26,7;510;31,9;93,7;<0.1;0,01;1,08;12,3;<2;1,8;16,4;0,49;0,61;<0.05;10,8;0,28;0,32;2,7;116;0,5;14,6;1,9;57;93,9
LR-S-5820 GIG967;SEDIMENTO CORRENTE;634;633;99,05;0,95;0,04;1,2;10;<0.1;<10;62;1;0,29;0,42;0,02;90,38;18,1;34;0,72;22,9;4,75;6,7;<0.1;0,11;<0.01;<0.02;0,06;37,9;7;0,33;706;0,34;<0.01;0,19;25;352;29,4;14;<0.1;0,01;0,65;3,9;<1;0,8;8,3;<0.05;<0.05;7;<0.01;0,53;44;<0.1;13,24;44;3,9;0,06;5,7;9;341;2,4;0,06;0,42;0,03;105,92;17,7;47;5;30,6;5,36;15,9;3,7;0,05;1,48;48,5;38;0,29;0,72;0,06;0,26;0,09;11,1;32,8;405;31,6;109;<0.1;0,01;1,23;12,5;<2;2,4;12,3;0,92;0,67;<0.05;13,4;0,3;0,38;2,1;102;0,9;18,8;2,2;59;96,4
LR-S-5830 GIG968;SEDIMENTO CORRENTE;696;696;99,14;0,86;0,05;1,01;2;<0.1;<10;102;0,5;0,12;2,98;0,03;107,5;9,4;11;0,7;6,7;1,8;4,8;<0.1;0,11;0,02;<0.02;0,15;45,9;6;0,24;602;0,15;<0.01;0,42;7,7;215;19,1;22,6;<0.1;<0.01;<0.05;2,8;<1;1,3;15,5;<0.05;<0.05;9;0,01;1,1;18;<0.1;14,86;29;1,9;<0.02;7,49;1;683;1,8;<0.04;3,18;<0.02;102,24;10,1;9;<5;12,1;2,73;18,2;5,52;0,03;2,22;43,8;30;0,19;0,54;0,06;0,15;1,77;9,7;18;194;25;103;<0.1;0,01;0,27;6,4;<2;2,1;126;1,12;0,52;<0.05;12,3;0,22;0,35;2,3;43;0,1;16,3;1,5;54;151
LR-S-5840 GIG969;SEDIMENTO CORRENTE;689;689;99,27;0,73;0,07;0,7;<1;<0.1;<10;79;0,3;0,09;0,19;<0.01;62,28;3,7;13;0,39;5,9;0,85;3,4;<0.1;0,06;<0.01;<0.02;0,12;35;4;0,16;110;0,15;<0.01;0,57;7,3;185;16,7;15,9;<0.1;<0.01;<0.05;1,6;<1;1,2;19,2;<0.05;<0.05;7;0,01;2,28;11;<0.1;7,11;23;0,9;0,14;7,45;<1;770;1,4;<0.04;0,83;0,03;65,03;5,5;12;<5;13,2;1,83;19,4;21,96;0,03;2,34;32,6;20;0,33;0,43;0,02;0,13;2,27;12,1;14,5;173;24,9;98,8;<0.1;0,01;0,18;7,2;<2;2,2;249;1,47;0,48;<0.05;14,5;0,25;0,4;5,5;39;0,3;19;2,2;42;577
LR-S-5850 GIG970;SEDIMENTO CORRENTE;600;599;98,66;1,34;0,05;0,22;<1;<0.1;<10;58;0,1;0,03;0,08;0,02;94,05;2,1;1;0,18;1,3;0,52;1;<0.1;<0.05;<0.01;<0.02;0,03;43,3;1;0,02;491;0,08;<0.01;0,1;0,9;59;13,7;3;<0.1;<0.01;<0.05;0,7;<1;1,5;10,8;<0.05;<0.05;6,6;<0.01;0,63;5;<0.1;10,25;6;<0.5;<0.02;4,8;<1;511;0,8;<0.04;0,48;0,03;173,07;2,7;<1;<5;5,2;0,89;10,5;8,08;0,02;1,62;86,4;10;0,25;0,06;0,04;<0.05;1,73;2,8;2,4;109;21;36,6;<0.1;<0.01;0,1;2,2;<2;1,3;144;0,17;1,06;<0.05;15,9;0,08;0,05;1,9;9;0,2;23,7;2;17;175
LR-S-5635 GIG971;SEDIMENTO CORRENTE;482;482;95,64;4,36;0,08;1,09;4;<0.1;<10;111;0,5;0,26;2,24;0,06;80,86;21,2;25;0,73;19,2;3,34;5,2;<0.1;0,13;<0.01;<0.02;0,08;42,2;13;0,23;976;0,38;<0.01;0,41;22,3;437;19,6;15;<0.1;0,06;0,29;3,3;<1;1,4;64,5;<0.05;<0.05;4,2;<0.01;0,38;25;1,6;12,71;47;2,8;0,11;5,86;6;328;2,4;<0.04;2,23;0,06;97;20,5;40;6;30,7;3,93;14,9;4,46;0,07;1,5;52,1;48;0,3;0,62;0,09;0,17;0,13;11,1;35,1;546;24,2;119;<0.1;0,06;0,69;12,5;<2;2,5;76,5;0,19;0,85;<0.05;12,6;0,49;0,41;2,1;85;<0.1;24,3;2,3;67;104
LR-S-5636 GIG972;SEDIMENTO CORRENTE;584;584;93,84;6,16;0,08;0,74;7;<0.1;<10;123;0,9;0,28;0,19;0,06;84,53;12,7;23;0,57;21;3,01;5,5;<0.1;0,06;<0.01;<0.02;0,08;40,9;2;0,04;502;0,3;<0.01;0,15;15,2;336;24,8;12,6;<0.1;0,02;0,49;2,9;<1;0,9;12;<0.05;<0.05;4,4;<0.01;0,71;31;0,1;12,45;33;1,3;0,19;6,11;7;334;2,4;0,06;0,2;0,06;88,27;15,5;42;<5;36,6;3,65;15,7;4,43;0,03;1,52;44,4;17;0,33;0,39;0,05;0,15;0,02;14,3;30,7;392;29,9;115;<0.1;0,02;0,84;13,6;<2;2,6;18,6;0,58;0,76;<0.05;12,5;0,48;0,36;2,4;89;0,9;23,7;2,4;52;120
LR-S-5637 GIG973;SEDIMENTO CORRENTE;609;607;98,19;1,81;0,04;0,51;3;<0.1;<10;26;0,3;0,2;0,06;<0.01;48;2,4;22;0,43;13,8;2,05;4,1;<0.1;<0.05;<0.01;<0.02;0,06;21,8;1;0,03;94;0,37;<0.01;0,42;5,1;124;18,8;9,1;<0.1;<0.01;0,29;2,8;<1;1,4;3,1;<0.05;<0.05;4,4;<0.01;0,71;33;0,4;5,7;9;0,9;0,09;4,25;5;166;1,6;<0.04;0,08;0,03;55,5;3,7;34;<5;25,7;2,53;11,5;5,06;0,03;0,98;27;13;0,28;0,26;0,01;0,23;0,02;10,5;13;99;23,5;72;<0.1;0,01;0,78;10,9;<2;2;9,1;0,13;0,43;<0.05;12;0,52;0,22;2,4;73;0,4;16,6;2;22;132
LR-S-5638 GIG974;SEDIMENTO CORRENTE;665;663;98,34;1,66;0,09;0,91;1;<0.1;<10;48;0,6;0,45;0,03;0,02;35,99;3,4;11;1,7;6,8;0,75;3,5;<0.1;<0.05;<0.01;<0.02;0,04;17;7;0,02;91;0,3;<0.01;0,13;5,7;267;13,6;9,2;<0.1;0,01;0,1;2,4;<1;1,2;3,3;<0.05;<0.05;2,6;<0.01;0,48;20;<0.1;3,36;11;<0.5;<0.02;4,02;2;126;1,3;0,19;0,04;0,02;44,7;7,4;24;<5;17,2;1,26;10,4;4,4;<0.02;0,54;21,9;28;0,19;0,2;0,01;0,05;0,01;12,6;16,9;296;19,7;47,6;<0.1;0,02;0,53;10,1;<2;2,1;8;0,38;0,29;<0.05;11,2;0,45;0,22;2;56;0,8;12,3;1,5;32;117
LR-S-5639 GIG975;SEDIMENTO CORRENTE;529;529;99,05;0,95;0,08;0,72;1;<0.1;<10;57;0,8;0,15;0,37;<0.01;39,98;4,1;13;0,69;13,7;1,11;2,8;<0.1;0,06;<0.01;<0.02;0,05;21,6;9;0,1;176;0,16;<0.01;0,09;9,8;164;16,3;7,1;<0.1;0,03;0,37;1,5;<1;0,6;9,9;<0.05;<0.05;3,3;<0.01;0,77;15;0,7;6,91;20;1;0,07;4,33;3;212;2,1;<0.04;0,38;0,02;54,23;7,4;22;<5;24,9;1,67;11,3;3,98;0,06;0,87;30,5;39;0,23;0,4;0,02;0,11;0,02;10,2;27,5;174;24,7;69,1;<0.1;0,03;0,7;9,6;<2;2;14,5;0,43;0,38;<0.05;9,5;0,32;0,28;2,3;57;0,7;15,2;1,6;41;104
BRANCO_PREP;SEDIMENTO CORRENTE;N.A.;N.A.;N.A.;N.A.;0,01;<0.01;<1;<0.1;<10;5;<0.1;<0.02;<0.01;0,02;0,18;<0.1;<1;<0.05;0,5;0,01;<0.1;<0.1;<0.05;<0.01;<0.02;<0.01;0,2;<1;<0.01;<5;<0.05;<0.01;0,06;<0.5;<50;0,7;<0.2;<0.1;<0.01;<0.05;<0.1;<1;0,5;<0.5;<0.05;<0.05;<0.1;<0.01;<0.05;<1;<0.1;<0.05;<1;<0.5;<0.02;<0.01;<1;6;<0.1;<0.04;<0.01;<0.02;0,59;<0.1;<1;<5;2,6;<0.01;<0.1;<0.02;<0.02;<0.01;0,2;5;<0.01;<0.01;<0.01;<0.05;<0.01;<0.1;1;<50;6,8;9,5;<0.1;<0.01;0,1;<0.5;<2;<0.3;<0.5;<0.05;<0.05;<0.05;<0.2;<0.01;<0.02;<0.1;<1;<0.1;<0.1;<0.1;2;<0.5
LR-S-5640 GIG976;SEDIMENTO CORRENTE;697;696;96,84;3,16;0,05;0,96;5;<0.1;<10;52;0,3;0,22;0,08;<0.01;55,67;12,9;16;0,57;14,7;2,52;4;<0.1;0,05;0,09;<0.02;0,08;29,6;8;0,09;533;0,51;<0.01;0,05;12,3;209;19,5;10,7;<0.1;0,01;0,3;1,5;<1;1,3;7;<0.05;<0.05;6,1;<0.01;0,44;18;0,2;5,17;27;0,6;<0.02;6,23;9;291;2,6;<0.04;0,09;0,03;77,88;19,3;32;6;30,2;3,24;16,4;4,62;0,05;1,85;45,3;39;0,3;0,58;0,05;0,32;0,03;10,9;33,8;223;25,3;130;<0.1;0,02;0,57;14,8;<2;2,3;13;0,38;0,53;<0.05;14,7;0,43;0,44;2,4;85;0,2;18;2;60;123
LR-S-5671 GIG977;SEDIMENTO CORRENTE;640;640;94,06;5,94;0,03;1,02;17;<0.1;<10;123;0,7;0,26;0,17;<0.01;114,83;18,9;32;0,59;25,9;7,28;6,9;<0.1;0,13;0,06;<0.02;0,06;47,6;4;0,05;1377;0,85;<0.01;0,19;16,9;406;33,6;11,2;<0.1;<0.01;0,83;4;<1;0,9;15,2;<0.05;<0.05;6,1;<0.01;1,58;73;<0.1;9,48;40;5,4;<0.02;5,86;19;291;2,4;<0.04;0,18;<0.02;135,01;19,5;49;5;33,7;8,15;16,1;3,81;0,05;1,23;59,5;25;0,29;0,36;0,12;1,04;0,03;9,8;29,5;451;35,3;99;<0.1;0,02;1,19;13,3;<2;2,1;20,3;0,58;0,66;<0.05;11,8;0,28;0,35;2,7;123;0,6;15,8;2,1;63;96,5
LR-S-5672 GIG978;SEDIMENTO CORRENTE;595;593;97,98;2,02;0,06;1,27;6;<0.1;<10;75;0,6;0,25;0,44;0,01;83,83;14,7;27;0,76;27,6;3,87;5,5;<0.1;0,1;<0.01;<0.02;0,07;35,4;9;0,32;536;0,35;<0.01;0,2;19;350;22,9;14,1;<0.1;0,01;0,62;3,4;<1;1,1;10,2;<0.05;<0.05;5,9;<0.01;0,51;36;<0.1;11,72;42;3,3;<0.02;6,32;7;379;2,4;0,05;0,45;0,03;106,08;16,8;45;6;28,9;4,52;15,9;4,29;0,06;1,56;48,1;44;0,3;0,75;0,05;0,29;0,09;12,5;31,1;353;27,2;109;<0.1;0,02;1,03;13,1;<2;2,5;14;0,79;0,63;<0.05;13,8;0,35;0,4;2,2;98;1,2;19;2,2;61;109
LR-S-5673 GIG979;SEDIMENTO CORRENTE;696;692;98,41;1,59;0,22;1,19;<1;<0.1;<10;106;0,6;0,12;2,42;0,02;88,56;7;11;0,51;6,7;1,79;4,5;<0.1;0,09;<0.01;<0.02;0,14;42,7;7;0,25;507;0,1;<0.01;0,39;7,3;224;16,9;18,9;<0.1;0,01;0,06;2,9;1;1,2;15,3;<0.05;<0.05;8,5;0,01;1;17;<0.1;13,75;29;1,7;0,1;7,63;2;675;1,6;<0.04;2,61;0,04;101,83;9,7;16;<5;15;2,66;19,5;10,88;0,03;1,81;49,2;30;0,27;0,54;0,05;0,48;1,52;13;13,9;306;24;91,4;<0.1;0,02;0,24;8,2;<2;2,4;121;1,15;0,61;<0.05;16;0,26;0,37;3,3;45;0,3;20;2;52;288
LR-S-5674 GIG980;SEDIMENTO CORRENTE;584;584;98,8;1,2;0,26;0,82;1;<0.1;<10;83;0,3;0,09;0,21;<0.01;62,45;3,8;15;0,42;6,1;0,93;3,2;<0.1;0,06;0,02;<0.02;0,13;34,1;5;0,18;120;0,17;<0.01;0,44;8,2;205;14,7;14,7;<0.1;0,01;<0.05;1,7;<1;0,9;22,8;<0.05;<0.05;6,7;0,01;2,27;12;<0.1;6,82;25;1;1,04;7,41;<1;777;1,9;<0.04;0,78;0,04;77,52;6,1;14;<5;13,6;1,85;20,1;17,52;<0.02;2,28;38,7;21;0,26;0,47;0,02;0,19;2,27;12,7;15,2;196;25,7;102;<0.1;0,02;0,21;7,3;<2;2;253;1,44;0,45;<0.05;15,3;0,25;0,37;5,8;39;<0.1;17,1;1,7;45;473
LR-S-5675 GIG981;SEDIMENTO CORRENTE;598;598;98,16;1,84;0,21;0,27;<1;<0.1;<10;43;0,2;0,02;0,07;<0.01;81,67;1,8;1;0,15;1,5;0,38;1,3;<0.1;0,05;<0.01;<0.02;0,03;38,7;2;0,02;293;<0.05;<0.01;0,14;1,6;54;9,7;3,3;<0.1;<0.01;<0.05;0,8;<1;0,7;11,5;<0.05;<0.05;5,2;<0.01;0,6;4;0,2;9,81;5;<0.5;0,22;5,24;<1;512;0,7;0,19;0,45;0,05;122,2;2,1;<1;<5;4,5;0,76;11,4;7,44;0,03;1,63;62,1;11;0,41;0,06;0,03;0,27;1,63;2,6;2;57;20,6;50,9;<0.1;<0.01;0,14;2,7;<2;1,6;141;0,36;1,13;0,37;13;0,08;0,18;1,9;8;0,3;22,1;2,2;14;154
MR-S-5530 GIG982;SEDIMENTO CORRENTE;754;754;98,94;1,06;0,07;0,56;<1;<0.1;<10;26;0,5;0,12;0,08;<0.01;23,87;1,4;12;0,58;6,3;0,63;2,9;<0.1;<0.05;<0.01;<0.02;0,03;12,2;4;0,03;79;0,11;<0.01;0,26;3,7;95;10,8;4,5;<0.1;<0.01;0,11;2,3;1;0,8;3,8;<0.05;<0.05;2,7;<0.01;0,45;22;0,4;2,94;6;<0.5;0,25;3,17;1;80;0,9;0,14;0,09;0,02;24,85;3,3;15;<5;15,6;1;8,6;3,86;0,04;0,32;13,3;19;0,25;0,15;0,01;0,19;0,02;5,9;12,9;73;19,5;29,6;<0.1;0,01;0,48;7,7;<2;2,1;8,3;0,37;0,32;<0.05;8,2;0,4;0,15;1,6;44;0,5;11,3;1,6;20;113
MR-S-5540 GIG983;SEDIMENTO CORRENTE;750;750;98;2;0,1;0,87;10;<0.1;<10;85;0,8;0,21;0,12;0,01;179,86;17,1;28;0,82;22,5;3,36;5,5;<0.1;<0.05;<0.01;<0.02;0,08;28,4;8;0,08;484;0,23;<0.01;0,1;20,9;340;36,9;12,7;<0.1;0,02;0,41;2,5;1;0,8;10,5;<0.05;0,07;5,9;<0.01;0,7;35;<0.1;6,74;37;<0.5;0,25;6,74;11;337;2,5;0,22;0,13;0,07;156,4;19,8;42;7;33,6;4,13;19;4,55;0,06;1,76;27,6;37;0,38;0,51;0,05;0,41;0,03;14,1;32,9;383;44,6;133;<0.1;0,02;1,11;13,9;<2;3,2;16;1,7;0,7;<0.05;12;0,46;0,55;2,5;102;2;17,5;2,4;58;115
MR-S-5550 GIG984;SEDIMENTO CORRENTE;865;865;99,88;0,12;0,24;0,38;3;<0.1;<10;28;0,4;0,19;0,05;<0.01;21,25;2,5;13;0,57;11,1;1,8;2,5;<0.1;<0.05;<0.01;0,02;0,04;10,2;2;0,02;66;0,47;<0.01;0,36;10,9;205;22,7;4,6;<0.1;0,01;0,25;1,3;<1;1,9;4,4;<0.05;<0.05;2,8;<0.01;0,34;18;4;2,32;18;<0.5;0,34;2,98;5;133;1;0,1;0,05;0,03;21,33;3,5;23;<5;18,1;2,12;7,9;5,97;0,03;0,75;10,1;12;0,24;0,18;0,01;0,28;0,02;9,1;13,1;249;29,9;48,9;<0.1;0,02;0,68;7,2;<2;2;8,6;0,57;0,22;<0.05;6,3;0,43;0,18;1,6;51;0,7;9,7;1,7;27;181
MR-S-5560 GIG985;SEDIMENTO CORRENTE;594;590;95,25;4,75;0,07;1,28;14;<0.1;<10;60;1;0,46;0,17;0,04;105,3;31,5;48;0,74;40,6;6,54;8,1;<0.1;0,1;<0.01;<0.02;0,14;50,5;7;0,28;1109;0,66;<0.01;0,12;40,1;419;40,5;14;<0.1;<0.01;1,14;3,5;<1;0,8;15,6;<0.05;0,07;9,6;<0.01;1,15;53;<0.1;9,3;89;3,7;0,28;7,58;14;328;3,2;0,35;0,16;0,04;90,4;30,8;64;9;48;7,2;23,1;4,99;0,08;2,58;42,9;39;0,42;0,81;0,09;0,82;0,06;13,3;52,4;456;44,1;173;<0.1;0,01;1,83;17,4;<2;3,9;18;1,87;0,85;<0.05;13;0,4;0,66;3,2;145;1,6;18,8;2,7;113;125
MR-S-5570 GIG986;SEDIMENTO CORRENTE;271;271;86,35;13,65;0,05;1,2;6;<0.1;<10;77;0,4;0,21;0,06;<0.01;34,19;6,9;17;1,53;9,9;2,49;6,3;<0.1;<0.05;0,04;0,03;0,07;19,2;7;0,04;249;0,49;<0.01;0,1;6,9;356;13;12,5;<0.1;0,02;0,17;2,7;<1;1;6,5;<0.05;<0.05;2,6;<0.01;0,42;39;<0.1;4,47;13;<0.5;0,18;8,02;9;313;2,4;0,21;0,07;0,04;36,5;9,7;42;10;24,5;3,3;21,5;4,64;0,09;1,88;21,5;29;0,35;0,49;0,03;0,62;0,04;17;26,4;397;22,9;142;<0.1;0,02;0,79;16,8;<2;3,5;13,2;1,51;0,5;<0.05;11,2;0,54;0,73;2,3;118;2;15,4;2,3;40;131
MR-S-5580 GIG987;SEDIMENTO CORRENTE;564;562;90,04;9,96;0,04;1,02;6;<0.1;<10;78;0,6;0,39;0,17;0,06;77,61;16,8;30;1,56;26,3;4,01;5,4;<0.1;0,19;<0.01;0,03;0,11;42;7;0,21;1138;0,27;<0.01;0,06;33,1;251;19,9;14,1;<0.1;<0.01;0,51;2;<1;2,3;22,8;<0.05;<0.05;7,6;<0.01;0,68;29;<0.1;8,12;86;5,4;0,1;8,47;8;474;2,8;0,22;0,17;0,09;61,58;19,4;48;7;36,4;4,9;21,3;5,11;0,07;2,92;32,6;47;0,4;0,85;0,1;0,35;0,07;15,5;41,8;245;22,6;167;<0.1;0,01;0,79;15,7;<2;3,7;31,5;1,55;0,76;<0.05;11;0,55;0,65;3;137;1,7;20,6;2,8;104;142
MR-S-5590 GIG988;SEDIMENTO CORRENTE;586;585;97,09;2,91;0,04;0,93;1;<0.1;<10;32;0,5;0,15;0,13;0,02;37,7;3,1;18;0,96;13,7;1,4;4,2;<0.1;<0.05;0,08;<0.02;0,04;18,3;10;0,03;89;0,15;<0.01;0,09;7,1;235;15,8;5,9;<0.1;0,01;0,21;1,9;<1;0,8;3,9;<0.05;<0.05;3;<0.01;0,75;23;<0.1;2,95;14;<0.5;0,06;4,77;2;150;1,5;0,16;0,13;<0.02;40,2;6,4;33;5;20,6;1,82;13,2;3,54;0,06;0,89;20,1;41;0,21;0,29;0,01;0,25;0,03;10,4;18,6;286;23,5;67,2;<0.1;0,01;0,71;9,5;<2;2,5;8;0,72;0,37;<0.05;8,6;0,36;0,31;2,1;64;1,1;10;1,5;32;92
MR-S-5600 GIG989;SEDIMENTO CORRENTE;721;716;97,91;2,09;0,1;1,09;8;<0.1;<10;77;0,5;0,25;0,23;0,02;78,94;12,4;24;0,76;20;4,41;4,8;<0.1;0,06;<0.01;<0.02;0,11;38,7;7;0,2;689;0,32;<0.01;0,11;18,4;400;25,3;13,2;<0.1;<0.01;0,64;2;<1;0,7;13,8;<0.05;<0.05;5,6;<0.01;0,95;35;0,2;6,99;57;1,3;0,1;5,94;8;351;2,5;0,17;0,23;0,07;80,75;15;48;6;30,6;4,97;16,2;4,02;0,06;1,66;40,6;37;0,32;0,62;0,06;0,38;0,06;10;32,5;428;31,1;125;<0.1;0,01;1,14;12;<2;2,7;18;0,78;0,65;<0.05;10,6;0,32;0,47;2,6;98;1,2;14,7;2,2;76;102
MR-S-5710 GIG990;SEDIMENTO CORRENTE;543;543;90,06;9,94;0,05;1,09;5;<0.1;<10;108;0,4;0,29;0,05;0,02;60,23;27,4;20;0,48;27,9;3,2;4,5;<0.1;<0.05;<0.01;<0.02;0,1;27,9;9;0,06;979;0,46;<0.01;0,06;21,1;242;26,2;9,8;<0.1;<0.01;0,52;1,5;<1;0,5;6,2;<0.05;<0.05;6,2;<0.01;0,7;21;<0.1;4,84;31;0,6;0,2;7,47;6;553;2,6;0,23;0,05;<0.02;61,92;34,1;46;8;42,2;3,86;19,9;4,72;0,07;2,43;28,4;49;0,36;0,67;0,08;0,57;0,06;13,6;45,9;366;37;162;<0.1;0,01;1,22;15,4;<2;3,5;11;1,39;0,57;<0.05;11,9;0,45;0,7;3;114;1,7;14,9;2,2;65;130
MR-S-5720 GIG991;SEDIMENTO CORRENTE;786;786;98,35;1,65;0,05;0,74;<1;<0.1;<10;89;0,5;0,1;0,13;0,02;78,01;5;5;0,61;4,8;1,33;4,1;<0.1;<0.05;<0.01;<0.02;0,1;37,5;5;0,13;320;0,18;<0.01;0,35;2,6;172;12;10,7;<0.1;<0.01;<0.05;2,6;<1;1,2;22,1;<0.05;<0.05;4,4;0,01;0,77;14;<0.1;13,52;25;<0.5;0,1;6,62;<1;482;1,3;0,07;0,41;0,03;76,52;5,3;4;<5;10,1;1,98;17,1;8,26;0,04;1,71;34;25;0,35;0,28;0,04;0,22;1,5;7,9;4,4;198;20,7;66,7;<0.1;0,01;0,16;5,5;<2;2;128;0,82;0,75;<0.05;7,7;0,27;0,27;2,7;33;0,3;22,1;2,4;45;204
MR-S-5730 GIG992;SEDIMENTO CORRENTE;463;463;89,2;10,8;0,07;1,24;4;<0.1;<10;141;0,6;0,14;0,31;0,14;71,34;9,6;17;0,65;18,4;2;4,5;<0.1;0,1;0,02;<0.02;0,09;35,1;9;0,26;266;0,21;<0.01;0,19;14,3;694;14,1;14;<0.1;0,03;0,16;4,2;<1;0,8;10,6;<0.05;<0.05;3,9;<0.01;0,94;20;0,6;17,8;37;2,2;0,14;6,38;3;795;2,1;0,11;0,33;0,14;81,49;11,1;34;6;26,1;2,8;17,1;4,8;0,04;2,34;41,5;39;0,46;0,74;0,03;0,28;0,14;11,1;23,9;870;24,1;136;<0.1;0,03;0,69;10,3;<2;2,7;24,6;0,86;0,93;<0.05;9;0,41;0,55;3,1;81;1,2;27,7;3;62;127
MR-S-5653 GIG993;SEDIMENTO CORRENTE;780;778;99,1;0,9;0,1;0,5;5;<0.1;<10;23;0,7;0,29;0,08;<0.01;22,44;1,7;11;0,58;7;0,56;3,1;<0.1;0,06;0,05;<0.02;0,02;11,8;3;0,03;81;0,63;<0.01;7,12;4,6;102;9,2;5,7;<0.1;<0.01;0,19;2,8;<1;9,2;3,7;0,05;0,37;2,6;<0.01;0,43;20;1,5;2,81;5;<0.5;0,13;2,81;<1;73;0,8;0,08;0,09;0,04;22,27;2,9;19;<5;14,5;0,93;7,6;3,72;<0.02;0,29;11,7;17;0,2;0,14;0,01;0,16;<0.01;6,1;11,2;71;17,6;24,1;<0.1;0,01;0,5;6,6;<2;2;7;0,14;0,26;<0.05;7,5;0,39;0,12;1,5;39;0,3;9,9;1,4;19;99,1
MR-S-5654 GIG994;SEDIMENTO CORRENTE;732;732;98,5;1,5;0,07;0,94;12;<0.1;<10;86;1,4;0,24;0,12;0,02;206,79;20,6;30;0,72;26,8;4;5,9;<0.1;<0.05;<0.01;<0.02;0,08;30,8;7;0,1;471;0,22;<0.01;0,13;26,3;356;40,7;12,9;<0.1;0,01;0,46;3;<1;0,7;9,8;<0.05;<0.05;6,1;<0.01;0,74;38;0,6;7,35;41;<0.5;0,16;6,58;14;331;2,7;0,22;0,12;<0.02;175,95;20,8;51;7;34,1;4,66;19,6;4,72;0,04;1,78;28,4;35;0,37;0,5;0,04;0,28;0,04;14,4;34,2;452;48,8;133;<0.1;0,02;1,27;13,5;<2;3,2;15;1,43;0,72;<0.05;11,6;0,45;0,52;2,5;104;1,7;18;2,4;61;117
MR-S-5655 GIG995;SEDIMENTO CORRENTE;818;815;99,75;0,25;0,07;0,34;3;<0.1;<10;22;0,7;0,15;0,03;<0.01;17,72;2,6;12;0,48;8,2;1,57;2,4;<0.1;<0.05;0,02;<0.02;0,04;8,6;2;0,01;46;0,32;<0.01;0,27;7,9;168;12,8;4,1;<0.1;<0.01;0,18;1,4;<1;1,7;2,8;<0.05;<0.05;2,3;<0.01;0,27;16;2;1,96;14;<0.5;0,23;2,89;4;125;1;0,13;0,04;0,03;20,64;3,5;23;<5;17,8;1,99;8,1;6,71;0,07;0,76;9,5;10;0,27;0,18;0,01;0,25;0,02;8,2;12,4;174;24;52,5;<0.1;0,01;0,74;7,6;<2;2,7;6,7;0,32;0,27;<0.05;6,6;0,47;0,19;1,7;46;0,4;10,6;1,8;23;176
MR-S-5656 GIG996;SEDIMENTO CORRENTE;568;568;94,37;5,63;0,07;1,29;11;<0.1;<10;66;1,1;0,41;0,16;0,06;93,18;28,7;45;0,55;42,6;5,98;7;<0.1;0,08;<0.01;0,03;0,13;46,8;8;0,26;1118;0,48;<0.01;0,09;38,9;389;32,1;11,3;<0.1;<0.01;0,85;3,7;<1;0,7;14,5;<0.05;0,07;8,1;<0.01;1,04;49;0,6;8,33;81;2,8;0,19;7,64;12;336;2,8;0,34;0,16;0,09;86,76;27,9;69;9;43,2;6,77;22,1;4,86;0,1;2,51;41,7;39;0,41;0,8;0,1;0,7;0,07;11,5;47,3;400;40,1;161;<0.1;0,01;1,48;16,9;<2;3,8;17,8;0,76;0,85;<0.05;12,6;0,4;0,67;3,1;141;1,6;18,2;2,6;105;127
MR-S-5657 GIG997;SEDIMENTO CORRENTE;337;337;87,54;12,46;0,06;1,23;7;<0.1;<10;64;0,8;0,2;0,39;0,04;35,95;10;17;1,28;10,7;2,8;6,7;<0.1;<0.05;0,03;<0.02;0,08;19,7;6;0,04;307;0,38;<0.01;0,09;7,1;365;13,5;13,7;<0.1;0,02;0,15;3,4;<1;0,9;7,4;<0.05;<0.05;3;<0.01;0,45;37;0,5;4,7;13;<0.5;0,16;7,94;7;303;2,5;0,23;0,38;0,06;37,04;11,4;49;9;22,5;3,52;20,5;4,77;0,04;1,86;21,9;27;0,33;0,49;0,03;0,5;0,03;15,7;25,3;465;22,1;142;<0.1;0,02;0,78;15,8;<2;3,6;13,7;1,15;0,49;<0.05;11,1;0,52;0,7;2,2;110;1,8;15,4;2,2;38;119
MR-S-5658 GIG998;SEDIMENTO CORRENTE;554;552;90,76;9,24;0,04;0,99;6;<0.1;<10;112;0,7;0,29;0,17;0,06;73,31;22,2;28;0,91;30,6;3,86;4,9;<0.1;0,11;<0.01;<0.02;0,1;39,9;7;0,19;1361;0,22;<0.01;0,06;33,6;257;19,9;10,3;<0.1;<0.01;0,36;2,5;<1;0,6;21,7;<0.05;0,06;6,5;<0.01;0,65;29;0,2;8,03;75;3,6;0,15;7,85;7;466;2,9;0,25;0,17;0,06;76,83;22,9;43;7;38,2;4,55;21,4;4,9;0,06;2,54;42,4;45;0,42;0,75;0,11;0,42;0,07;16,4;44,2;287;27,1;175;<0.1;0,02;0,89;16,4;<2;3,8;30,2;1,27;0,86;<0.05;13,1;0,52;0,64;3,1;125;1,6;24,3;2,9;97;137
MR-S-5659 GIG999;SEDIMENTO CORRENTE;711;710;98,17;1,83;0,05;0,7;3;<0.1;<10;26;0,6;0,15;0,1;<0.01;31,82;3;20;0,67;12;1,78;3,8;<0.1;<0.05;<0.01;<0.02;0,05;16,3;6;0,03;96;0,17;<0.01;0,08;7,8;235;13,4;5,2;<0.1;<0.01;0,19;1,9;<1;0,6;3;<0.05;0,11;3,1;<0.01;0,57;27;0,2;2,5;18;<0.5;0,17;4,34;3;158;1,6;0,13;0,1;0,03;36;5,6;30;<5;21,8;2,18;13,1;3,5;0,03;1,02;18,2;30;0,21;0,29;0,01;0,19;0,03;9,7;18,8;281;22,8;75,2;<0.1;0,01;0,73;9,4;<2;2,4;6,7;0,86;0,32;<0.05;8,1;0,33;0,34;2;71;1;9,2;1,4;33;94,2
MR-S-5660 GIH001;SEDIMENTO CORRENTE;794;793;97,98;2,02;0,09;1,18;9;<0.1;<10;103;1;0,24;0,22;0,02;81,54;18,4;27;0,45;29;5,05;5,4;<0.1;<0.05;0,05;<0.02;0,12;40,5;7;0,22;954;0,55;<0.01;0,11;30,7;458;26,9;12,3;<0.1;<0.01;0,63;3,1;<1;0,7;10,1;<0.05;0,09;5,3;<0.01;0,88;40;6;7,4;69;1,6;0,14;5,87;9;379;2,5;0,16;0,21;0,05;81,28;16,7;47;6;32,3;5,56;16,6;3,77;0,06;2;39,4;37;0,31;0,64;0,08;0,54;0,07;10;33,1;470;32,9;147;<0.1;0,01;1,19;11,3;<2;2,7;14,2;0,81;0,72;<0.05;10,3;0,32;0,51;2,6;103;1,2;13,9;2,1;87;105
MR-S-5661 GIH002;SEDIMENTO CORRENTE;459;459;89,32;10,68;0,05;1,02;7;<0.1;<10;109;0,8;0,33;0,07;0,02;62,3;35,2;19;0,35;29;3,01;4,9;<0.1;<0.05;0,02;<0.02;0,1;29,6;9;0,07;1143;0,49;<0.01;0,06;25,9;230;25,3;9,2;<0.1;<0.01;0,44;2,2;<1;0,6;7;<0.05;<0.05;5,8;<0.01;0,68;21;<0.1;5,17;29;0,6;0,03;6,83;8;554;2,9;0,23;0,06;0,03;55,29;34,6;55;8;43,2;3,77;20,9;5,08;0,08;2,46;24,7;49;0,32;0,67;0,1;0,55;0,05;14,8;46,6;254;33,9;160;<0.1;0,01;1,1;14,8;<2;3,6;11,5;1,27;0,52;<0.05;10,2;0,45;0,71;3;115;1,7;13,8;2,2;64;133
MR-S-5662 GIH003;SEDIMENTO CORRENTE;721;721;97,64;2,36;0,06;0,63;<1;<0.1;<10;68;0,2;0,1;0,09;0,02;55,84;3,5;4;0,49;3,5;1,16;2,9;<0.1;<0.05;<0.01;<0.02;0,08;24,1;4;0,11;208;0,09;<0.01;0,22;2,3;141;10,5;8,2;<0.1;<0.01;<0.05;1,9;<1;0,7;15,4;<0.05;<0.05;3,7;0,01;0,59;13;0,4;8,96;23;<0.5;0,08;5,72;<1;423;1,1;0,11;0,34;<0.02;75,08;4,2;4;<5;9,2;1,7;14,9;8,58;0,02;1,71;32,8;20;0,36;0,23;0,03;0,18;1,3;7;4,1;191;19,5;74,1;<0.1;<0.01;0,17;4,9;<2;1,6;112;1,26;0,71;<0.05;8,2;0,24;0,23;2,7;28;0,1;20,7;2,3;38;200
MR-S-5663 GIH004;SEDIMENTO CORRENTE;540;540;90,74;9,26;0,12;1,23;4;<0.1;<10;141;0,4;0,16;0,29;0,11;71,07;9,8;17;0,55;16,6;2,15;4,2;<0.1;0,1;0,04;<0.02;0,09;34,4;9;0,26;313;0,17;<0.01;0,18;13;732;15,4;12,1;<0.1;0,02;0,16;4;<1;0,7;10,4;<0.05;<0.05;4;<0.01;0,79;20;0,5;17,55;37;2,4;0,17;6,25;4;748;2,2;0,19;0,3;0,08;84,86;11,7;35;6;25;2,81;16,9;4,7;0,02;2,22;44;39;0,48;0,71;0,03;0,29;0,13;10,8;24,2;874;24,1;141;<0.1;0,02;0,61;10,7;<2;2,5;22,9;0,91;1,03;<0.05;9,9;0,39;0,58;3,1;81;1,1;28;3;60;125
Pulp Duplicates;;;;;;;;;;;;;;;;;;;;;;;;;;;;;;;;;;;;;;;;;;;;;;;;;;;;;;;;;;;;;;;;;;;;;;;;;;;;;;;;;;;;;;;;;;;;;;;;;;;;;;;;;
MR-S-5663 GIH004;REP;--;--;--;--;0,1;1,3;4;<0.1;<10;140;0,5;0,15;0,29;0,07;66,35;8,9;17;0,5;17,1;2,19;3,8;<0.1;0,09;<0.01;<0.02;0,09;32;9;0,26;314;0,17;<0.01;0,15;11,5;723;13,8;10,8;<0.1;0,02;0,16;3,7;<1;0,7;10,8;<0.05;<0.05;3,7;<0.01;0,76;20;0,5;15,23;36;2,4;--;--;--;--;--;--;--;--;--;--;--;--;--;--;--;--;--;--;--;--;--;--;--;--;--;--;--;--;--;--;--;--;--;--;--;--;--;--;--;--;--;--;--;--;--;--;--;--;--;--
MR-S-5663 GIH004;REP;--;--;--;--;--;--;--;--;--;--;--;--;--;--;--;--;--;--;--;--;--;--;--;--;--;--;--;--;--;--;--;--;--;--;--;--;--;--;--;--;--;--;--;--;--;--;--;--;--;--;--;--;--;--;0,17;6,48;5;784;2,2;0,15;0,32;0,13;89,01;11,8;33;7;25,8;2,9;17,8;5,13;0,02;2,32;48,3;39;0,48;0,74;0,03;0,29;0,14;12,5;25,2;863;24,6;142;<0.1;0,02;0,63;11,1;<2;2,9;24,1;0,85;0,99;<0.05;10,2;0,4;0,57;3,2;86;0,8;29,8;3;61;133
MR-S-5662 GIH003;REP;--;--;--;--;--;--;--;--;--;--;--;--;--;--;--;--;--;--;--;--;--;--;--;--;--;--;--;--;--;--;--;--;--;--;--;--;--;--;--;--;--;--;--;--;--;--;--;--;--;--;--;--;--;--;0,1;5,83;<1;444;1,1;0,08;0,35;<0.02;74,89;4,3;4;<5;9,5;1,77;15,5;8,55;0,03;1,61;32,8;21;0,37;0,25;0,03;0,15;1,28;6,2;4,1;131;20,9;70;<0.1;<0.01;0,15;5;<2;2;112;1,17;0,73;<0.05;8,6;0,25;0,26;2,7;29;<0.1;21,3;2,4;40;199
LR-S-5640 GIG976;REP;--;--;--;--;--;--;--;--;--;--;--;--;--;--;--;--;--;--;--;--;--;--;--;--;--;--;--;--;--;--;--;--;--;--;--;--;--;--;--;--;--;--;--;--;--;--;--;--;--;--;--;--;--;--;0,02;6,14;9;284;2,7;<0.04;0,09;0,03;75,06;18;33;5;31,7;3,19;15,2;4,77;0,07;1,85;43,8;39;0,28;0,57;0,05;0,33;0,03;12,8;30,7;286;25,8;122;<0.1;0,01;0,62;13,8;<2;2,2;13,1;0,44;0,49;<0.05;14,2;0,44;0,43;2,4;85;0,3;16,6;1,9;60;124
BRANCO_PREP;REP;--;--;--;--;--;--;--;--;--;--;--;--;--;--;--;--;--;--;--;--;--;--;--;--;--;--;--;--;--;--;--;--;--;--;--;--;--;--;--;--;--;--;--;--;--;--;--;--;--;--;--;--;--;--;<0.02;<0.01;<1;<5;<0.1;<0.04;<0.01;<0.02;0,7;<0.1;<1;<5;3,2;0,01;<0.1;<0.02;<0.02;<0.01;0,3;5;<0.01;<0.01;<0.01;<0.05;<0.01;<0.1;1,6;<50;6,9;<0.2;<0.1;<0.01;0,1;<0.5;<2;<0.3;<0.5;<0.05;<0.05;<0.05;<0.2;<0.01;<0.02;<0.1;<1;<0.1;<0.1;<0.1;3;<0.5
MR-S-5662 GIH003;REP;--;--;--;--;0,08;0,65;<1;<0.1;<10;69;0,2;0,11;0,09;<0.01;57,05;3,7;4;0,54;5,6;1,17;2,9;<0.1;<0.05;<0.01;<0.02;0,09;25,1;4;0,11;208;0,14;<0.01;0,28;2,3;140;10,7;8,6;<0.1;<0.01;<0.05;2;<1;1;15,5;<0.05;<0.05;3,6;0,01;0,6;13;0,5;9,33;24;<0.5;--;--;--;--;--;--;--;--;--;--;--;--;--;--;--;--;--;--;--;--;--;--;--;--;--;--;--;--;--;--;--;--;--;--;--;--;--;--;--;--;--;--;--;--;--;--;--;--;--;--
LR-S-5640 GIG976;REP;--;--;--;--;0,06;0,95;7;<0.1;<10;52;0,4;0,26;0,08;<0.01;61,21;14,4;16;0,6;16,3;2,5;4,7;<0.1;<0.05;0,08;<0.02;0,07;33;8;0,09;531;0,62;<0.01;0,06;14,7;201;20,7;12,3;<0.1;0,01;0,38;1,6;<1;1,8;6,9;<0.05;0,06;6,9;<0.01;0,49;18;0,3;5,94;26;0,6;--;--;--;--;--;--;--;--;--;--;--;--;--;--;--;--;--;--;--;--;--;--;--;--;--;--;--;--;--;--;--;--;--;--;--;--;--;--;--;--;--;--;--;--;--;--;--;--;--;--
BRANCO_PREP;REP;--;--;--;--;0,02;<0.01;<1;<0.1;<10;<5;<0.1;<0.02;<0.01;<0.01;0,19;<0.1;<1;<0.05;<0.5;0,01;<0.1;<0.1;<0.05;<0.01;<0.02;<0.01;<0.1;<1;<0.01;<5;<0.05;<0.01;<0.05;<0.5;<50;0,6;<0.2;<0.1;<0.01;<0.05;<0.1;<1;0,4;<0.5;<0.05;<0.05;<0.1;<0.01;<0.05;<1;<0.1;<0.05;<1;<0.5;--;--;--;--;--;--;--;--;--;--;--;--;--;--;--;--;--;--;--;--;--;--;--;--;--;--;--;--;--;--;--;--;--;--;--;--;--;--;--;--;--;--;--;--;--;--;--;--;--;--
Reference Materials;;;;;;;;;;;;;;;;;;;;;;;;;;;;;;;;;;;;;;;;;;;;;;;;;;;;;;;;;;;;;;;;;;;;;;;;;;;;;;;;;;;;;;;;;;;;;;;;;;;;;;;;;
STD_061;STD;--;--;--;--;>10;1,11;478;0,1;<10;278;0,2;5,8;3,55;5,24;15,78;28,9;191;3,49;3288;3,41;4,8;<0.1;0,14;1,93;0,2;0,22;8;9;1,1;1018;155,43;0,08;0,48;39,7;705;926;13,4;<0.1;1,02;86,59;3,5;2;2,2;89,9;<0.05;0,68;2,9;0,05;1,02;70;2,1;6,75;1048;1,9;--;--;--;--;--;--;--;--;--;--;--;--;--;--;--;--;--;--;--;--;--;--;--;--;--;--;--;--;--;--;--;--;--;--;--;--;--;--;--;--;--;--;--;--;--;--;--;--;--;--
STD_061;STD;--;--;--;--;--;--;--;--;--;--;--;--;--;--;--;--;--;--;--;--;--;--;--;--;--;--;--;--;--;--;--;--;--;--;--;--;--;--;--;--;--;--;--;--;--;--;--;--;--;--;--;--;--;--;>10;7,33;522;1136;1;4,96;4,44;4,75;21,86;30,6;145;5;3484;4;16,3;1,51;0,21;2,59;11,9;18;0,16;1,37;0,1;154,99;2,26;6,7;45,8;741;1026;87,8;<0.1;1,18;82,55;9,3;<2;3,2;391;2,01;0,4;0,49;5,8;0,25;0,99;1,8;109;5,1;10,6;1;1083;24,4
;;;;;;;;;;;;;;;;;;;;;;;;;;;;;;;;;;;;;;;;;;;;;;;;;;;;;;;;;;;;;;;;;;;;;;;;;;;;;;;;;;;;;;;;;;;;;;;;;;;;;;;;;
;;;;;;;;;;;;;;;;;;;;;;;;;;;;;;;;;;;;;;;;;;;;;;;;;;;;;;;;;;;;;;;;;;;;;;;;;;;;;;;;;;;;;;;;;;;;;;;;;;;;;;;;;
;;;;;;;;;;;;;;;;;;;;;;;;;;;;;;;;;;;;;;;;;;;;;;;;;;;;;;;;;;;;;;;;;;;;;;;;;;;;;;;;;;;;;;;;;;;;;;;;;;;;;;;;;
;;;;;;;;;;;;;;;;;;;;;;;;;;;;;;;;;;;;;;;;;;;;;;;;;;;;;;;;;;;;;;;;;;;;;;;;;;;;;;;;;;;;;;;;;;;;;;;;;;;;;;;;;
;;;;;;;;;;;;;;;;;;;;;;;;;;;;;;;;;;;;;;;;;;;;;;;;;;;;;;;;;;;;;;;;;;;;;;;;;;;;;;;;;;;;;;;;;;;;;;;;;;;;;;;;;
;;;;;;;;;;;;;;;;;;;;;;;;;;;;;;;;;;;;;;;;;;;;;;;;;;;;;;;;;;;;;;;;;;;;;;;;;;;;;;;;;;;;;;;;;;;;;;;;;;;;;;;;;
;;;;;;;;;;;;;;;;;;;;;;;;;;;;;;;;;;;;;;;;;;;;;;;;;;;;;;;;;;;;;;;;;;;;;;;;;;;;;;;;;;;;;;;;;;;;;;;;;;;;;;;;;
;;;;;;;;;;;;;;;;;;;;;;;;;;;;;;;;;;;;;;;;;;;;;;;;;;;;;;;;;;;;;;;;;;;;;;;;;;;;;;;;;;;;;;;;;;;;;;;;;;;;;;;;;
;;;;;;;;;;;;;;;;;;;;;;;;;;;;;;;;;;;;;;;;;;;;;;;;;;;;;;;;;;;;;;;;;;;;;;;;;;;;;;;;;;;;;;;;;;;;;;;;;;;;;;;;;
;;;;;;;;;;;;;;;;;;;;;;;;;;;;;;;;;;;;;;;;;;;;;;;;;;;;;;;;;;;;;;;;;;;;;;;;;;;;;;;;;;;;;;;;;;;;;;;;;;;;;;;;;
;;;;;;;;;;;;;;;;;;;;;;;;;;;;;;;;;;;;;;;;;;;;;;;;;;;;;;;;;;;;;;;;;;;;;;;;;;;;;;;;;;;;;;;;;;;;;;;;;;;;;;;;;
;;;;;;;;;;;;;;;;;;;;;;;;;;;;;;;;;;;;;;;;;;;;;;;;;;;;;;;;;;;;;;;;;;;;;;;;;;;;;;;;;;;;;;;;;;;;;;;;;;;;;;;;;
;;;;;;;;;;;;;;;;;;;;;;;;;;;;;;;;;;;;;;;;;;;;;;;;;;;;;;;;;;;;;;;;;;;;;;;;;;;;;;;;;;;;;;;;;;;;;;;;;;;;;;;;;
;;;;;;;;;;;;;;;;;;;;;;;;;;;;;;;;;;;;;;;;;;;;;;;;;;;;;;;;;;;;;;;;;;;;;;;;;;;;;;;;;;;;;;;;;;;;;;;;;;;;;;;;;
;;;;;;;;;;;;;;;;;;;;;;;;;;;;;;;;;;;;;;;;;;;;;;;;;;;;;;;;;;;;;;;;;;;;;;;;;;;;;;;;;;;;;;;;;;;;;;;;;;;;;;;;;
;
;
;
;
;
;
;
;
;
;
;
;
;
;
;
;
;
;
;
;
;
;
;
;
;
;
;
;
;
;
;
;
;
;
;
;
;
;
;
;
;
